,,,,,,,,,
,,,,,,,,,
Book Name,ASIN,Publisher,Language,Hardcover,Item Weight,Paperback,Dimensions,Best Sellers Rank:,Customer Reviews:
,,,,,,,,,
Kaaval Kottam,NA,Vikatan Publication; 1st edition (1 December 2013); amazon@giri.in,Tamil,1173 pages,1 kg 390 g,NA,6 x 14 x 25 cm,"#15,463 in Books (See Top 100 in Books)",4.5 out of 5 stars
,,,,,,,,,
Kutrap Parambarai,B077XVT9BW,Discovery Book Palace; First edition (1 January 2015),NA,NA,493 g,448 pages,NA,"#35,207 in Books (See Top 100 in Books)",4.6 out of 5 stars
,,,,,,,,,
The 5 AM Club (Telugu),NA,Jaico Publishing House (16 July 2019),Telugu,NA,295 g,NA,20 x 14 x 4 cm,"#4,691 in Books (See Top 100 in Books)",4.1 out of 5 stars
,,,,,,,,,
Eat That Frog,NA,Manjul Publishing House (15 February 2018),Tamil,NA,120 g,152 pages,20 x 14 x 4 cm,"#3,045 in Books (See Top 100 in Books)",4.5 out of 5 stars
,,,,,,,,,
Anna Karenina,NA,Fingerprint! Publishing (1 February 2016),English,NA,690 g,760 pages,20 x 14 x 4 cm,"#1,557 in Books (See Top 100 in Books)",4.5 out of 5 stars
,,,,,,,,,
The Great Gatsby,NA,Fingerprint! Publishing; First edition (1 January 2014),English,NA,170 g,224 pages,21.6 x 1.3 x 14.3 cm,#237 in Books (See Top 100 in Books),4.4 out of 5 stars
,,,,,,,,,
A Passage to India,NA,Penguin (22 February 2021),English,NA,260 g,344 pages,73.66 x 248.92 cm,"#125,914 in Books (See Top 100 in Books)",2.5 out of 5 stars
,,,,,,,,,
The Invisible Man,8175994320,Fingerprint! Publishing (1 February 2017),English,NA,295 g,160 pages,20 x 14 x 4 cm,"#4,240 in Books (See Top 100 in Books)",4.2 out of 5 stars
,,,,,,,,,
Things Fall Apart (Penguin Modern Classics),NA,Penguin UK; Latest edition (1 November 2001),English,NA,134 g,176 pages,12.9 x 1 x 19.8 cm,"#3,637 in Books (See Top 100 in Books)",4.4 out of 5 stars
,,,,,,,,,
